Timestamp,Node_Count
Thu Dec 05 2024 14:55:00 GMT+0100 (Central European Standard Time),0
Thu Dec 05 2024 14:55:10 GMT+0100 (Central European Standard Time),0
Thu Dec 05 2024 14:55:20 GMT+0100 (Central European Standard Time),0
Thu Dec 05 2024 14:55:30 GMT+0100 (Central European Standard Time),0
Thu Dec 05 2024 14:55:40 GMT+0100 (Central European Standard Time),0
Thu Dec 05 2024 14:55:50 GMT+0100 (Central European Standard Time),0
Thu Dec 05 2024 14:56:00 GMT+0100 (Central European Standard Time),0
Thu Dec 05 2024 14:56:10 GMT+0100 (Central European Standard Time),0
Thu Dec 05 2024 14:56:20 GMT+0100 (Central European Standard Time),0
Thu Dec 05 2024 14:56:30 GMT+0100 (Central European Standard Time),0
Thu Dec 05 2024 14:56:40 GMT+0100 (Central European Standard Time),0
Thu Dec 05 2024 14:56:50 GMT+0100 (Central European Standard Time),0
Thu Dec 05 2024 14:57:00 GMT+0100 (Central European Standard Time),0
Thu Dec 05 2024 14:57:10 GMT+0100 (Central European Standard Time),0
Thu Dec 05 2024 14:57:20 GMT+0100 (Central European Standard Time),0
Thu Dec 05 2024 14:57:30 GMT+0100 (Central European Standard Time),0
Thu Dec 05 2024 14:57:40 GMT+0100 (Central European Standard Time),0
Thu Dec 05 2024 14:57:50 GMT+0100 (Central European Standard Time),0
Thu Dec 05 2024 14:58:00 GMT+0100 (Central European Standard Time),0
Thu Dec 05 2024 14:58:10 GMT+0100 (Central European Standard Time),0
Thu Dec 05 2024 14:58:20 GMT+0100 (Central European Standard Time),0
Thu Dec 05 2024 14:58:30 GMT+0100 (Central European Standard Time),0
Thu Dec 05 2024 14:58:40 GMT+0100 (Central European Standard Time),0
Thu Dec 05 2024 14:58:50 GMT+0100 (Central European Standard Time),0
Thu Dec 05 2024 14:59:00 GMT+0100 (Central European Standard Time),0
Thu Dec 05 2024 14:59:10 GMT+0100 (Central European Standard Time),0
Thu Dec 05 2024 14:59:20 GMT+0100 (Central European Standard Time),0
Thu Dec 05 2024 14:59:30 GMT+0100 (Central European Standard Time),0
Thu Dec 05 2024 14:59:40 GMT+0100 (Central European Standard Time),0
Thu Dec 05 2024 14:59:50 GMT+0100 (Central European Standard Time),0
Thu Dec 05 2024 15:00:00 GMT+0100 (Central European Standard Time),0
Thu Dec 05 2024 15:00:10 GMT+0100 (Central European Standard Time),0
Thu Dec 05 2024 15:00:20 GMT+0100 (Central European Standard Time),0
Thu Dec 05 2024 15:00:30 GMT+0100 (Central European Standard Time),0
Thu Dec 05 2024 15:00:40 GMT+0100 (Central European Standard Time),0
Thu Dec 05 2024 15:00:50 GMT+0100 (Central European Standard Time),0
Thu Dec 05 2024 15:01:00 GMT+0100 (Central European Standard Time),0
Thu Dec 05 2024 15:01:10 GMT+0100 (Central European Standard Time),0
Thu Dec 05 2024 15:01:20 GMT+0100 (Central European Standard Time),0
Thu Dec 05 2024 15:01:30 GMT+0100 (Central European Standard Time),0
Thu Dec 05 2024 15:01:40 GMT+0100 (Central European Standard Time),0
Thu Dec 05 2024 15:01:50 GMT+0100 (Central European Standard Time),0
Thu Dec 05 2024 15:02:00 GMT+0100 (Central European Standard Time),0
Thu Dec 05 2024 15:02:10 GMT+0100 (Central European Standard Time),0
Thu Dec 05 2024 15:02:20 GMT+0100 (Central European Standard Time),0
Thu Dec 05 2024 15:02:30 GMT+0100 (Central European Standard Time),0
Thu Dec 05 2024 15:02:40 GMT+0100 (Central European Standard Time),0
Thu Dec 05 2024 15:02:50 GMT+0100 (Central European Standard Time),0
Thu Dec 05 2024 15:03:00 GMT+0100 (Central European Standard Time),0
Thu Dec 05 2024 15:03:10 GMT+0100 (Central European Standard Time),0
Thu Dec 05 2024 15:03:20 GMT+0100 (Central European Standard Time),0
Thu Dec 05 2024 15:03:30 GMT+0100 (Central European Standard Time),0
Thu Dec 05 2024 15:03:40 GMT+0100 (Central European Standard Time),0
Thu Dec 05 2024 15:03:50 GMT+0100 (Central European Standard Time),0
Thu Dec 05 2024 15:04:00 GMT+0100 (Central European Standard Time),0
Thu Dec 05 2024 15:04:10 GMT+0100 (Central European Standard Time),0
Thu Dec 05 2024 15:04:20 GMT+0100 (Central European Standard Time),0
Thu Dec 05 2024 15:04:30 GMT+0100 (Central European Standard Time),0
Thu Dec 05 2024 15:04:40 GMT+0100 (Central European Standard Time),0
Thu Dec 05 2024 15:04:50 GMT+0100 (Central European Standard Time),0
Thu Dec 05 2024 15:05:00 GMT+0100 (Central European Standard Time),0
Thu Dec 05 2024 15:05:10 GMT+0100 (Central European Standard Time),0
Thu Dec 05 2024 15:05:20 GMT+0100 (Central European Standard Time),0
Thu Dec 05 2024 15:05:30 GMT+0100 (Central European Standard Time),0
Thu Dec 05 2024 15:05:40 GMT+0100 (Central European Standard Time),0
Thu Dec 05 2024 15:05:50 GMT+0100 (Central European Standard Time),0
Thu Dec 05 2024 15:06:00 GMT+0100 (Central European Standard Time),0
Thu Dec 05 2024 15:06:10 GMT+0100 (Central European Standard Time),0
Thu Dec 05 2024 15:06:20 GMT+0100 (Central European Standard Time),0
Thu Dec 05 2024 15:06:30 GMT+0100 (Central European Standard Time),0
Thu Dec 05 2024 15:06:40 GMT+0100 (Central European Standard Time),0
Thu Dec 05 2024 15:06:50 GMT+0100 (Central European Standard Time),0
Thu Dec 05 2024 15:07:00 GMT+0100 (Central European Standard Time),0
Thu Dec 05 2024 15:07:10 GMT+0100 (Central European Standard Time),0
Thu Dec 05 2024 15:07:20 GMT+0100 (Central European Standard Time),0
Thu Dec 05 2024 15:07:30 GMT+0100 (Central European Standard Time),0
Thu Dec 05 2024 15:07:40 GMT+0100 (Central European Standard Time),0
Thu Dec 05 2024 15:07:50 GMT+0100 (Central European Standard Time),0
Thu Dec 05 2024 15:08:00 GMT+0100 (Central European Standard Time),0
Thu Dec 05 2024 15:08:10 GMT+0100 (Central European Standard Time),0
Thu Dec 05 2024 15:08:20 GMT+0100 (Central European Standard Time),0
Thu Dec 05 2024 15:08:30 GMT+0100 (Central European Standard Time),0
Thu Dec 05 2024 15:08:40 GMT+0100 (Central European Standard Time),0
Thu Dec 05 2024 15:08:50 GMT+0100 (Central European Standard Time),0
Thu Dec 05 2024 15:09:00 GMT+0100 (Central European Standard Time),0
Thu Dec 05 2024 15:09:10 GMT+0100 (Central European Standard Time),0
Thu Dec 05 2024 15:09:20 GMT+0100 (Central European Standard Time),0
Thu Dec 05 2024 15:09:30 GMT+0100 (Central European Standard Time),0
Thu Dec 05 2024 15:09:40 GMT+0100 (Central European Standard Time),0
Thu Dec 05 2024 15:09:50 GMT+0100 (Central European Standard Time),0
Thu Dec 05 2024 15:10:00 GMT+0100 (Central European Standard Time),0
Thu Dec 05 2024 15:10:10 GMT+0100 (Central European Standard Time),0
Thu Dec 05 2024 15:10:20 GMT+0100 (Central European Standard Time),0
Thu Dec 05 2024 15:10:30 GMT+0100 (Central European Standard Time),0
Thu Dec 05 2024 15:10:40 GMT+0100 (Central European Standard Time),0
Thu Dec 05 2024 15:10:50 GMT+0100 (Central European Standard Time),0
Thu Dec 05 2024 15:11:00 GMT+0100 (Central European Standard Time),0
Thu Dec 05 2024 15:11:10 GMT+0100 (Central European Standard Time),0
Thu Dec 05 2024 15:11:20 GMT+0100 (Central European Standard Time),0
Thu Dec 05 2024 15:11:30 GMT+0100 (Central European Standard Time),0
Thu Dec 05 2024 15:11:40 GMT+0100 (Central European Standard Time),0
Thu Dec 05 2024 15:11:50 GMT+0100 (Central European Standard Time),0
Thu Dec 05 2024 15:12:00 GMT+0100 (Central European Standard Time),0
Thu Dec 05 2024 15:12:10 GMT+0100 (Central European Standard Time),0
Thu Dec 05 2024 15:12:20 GMT+0100 (Central European Standard Time),0
Thu Dec 05 2024 15:12:30 GMT+0100 (Central European Standard Time),0
Thu Dec 05 2024 15:12:40 GMT+0100 (Central European Standard Time),0
Thu Dec 05 2024 15:12:50 GMT+0100 (Central European Standard Time),0
Thu Dec 05 2024 15:13:00 GMT+0100 (Central European Standard Time),0
Thu Dec 05 2024 15:13:10 GMT+0100 (Central European Standard Time),0
Thu Dec 05 2024 15:13:20 GMT+0100 (Central European Standard Time),0
Thu Dec 05 2024 15:13:30 GMT+0100 (Central European Standard Time),0
Thu Dec 05 2024 15:13:40 GMT+0100 (Central European Standard Time),0
Thu Dec 05 2024 15:13:50 GMT+0100 (Central European Standard Time),0
Thu Dec 05 2024 15:14:00 GMT+0100 (Central European Standard Time),0
Thu Dec 05 2024 15:14:10 GMT+0100 (Central European Standard Time),0
Thu Dec 05 2024 15:14:20 GMT+0100 (Central European Standard Time),0
Thu Dec 05 2024 15:14:30 GMT+0100 (Central European Standard Time),0
Thu Dec 05 2024 15:14:40 GMT+0100 (Central European Standard Time),0
Thu Dec 05 2024 15:14:50 GMT+0100 (Central European Standard Time),0
Thu Dec 05 2024 15:15:00 GMT+0100 (Central European Standard Time),0
Thu Dec 05 2024 15:15:10 GMT+0100 (Central European Standard Time),0
Thu Dec 05 2024 15:15:20 GMT+0100 (Central European Standard Time),0
Thu Dec 05 2024 15:15:30 GMT+0100 (Central European Standard Time),0
Thu Dec 05 2024 15:15:40 GMT+0100 (Central European Standard Time),0
Thu Dec 05 2024 15:15:50 GMT+0100 (Central European Standard Time),0
Thu Dec 05 2024 15:16:00 GMT+0100 (Central European Standard Time),0
Thu Dec 05 2024 15:16:10 GMT+0100 (Central European Standard Time),0
Thu Dec 05 2024 15:16:20 GMT+0100 (Central European Standard Time),0
Thu Dec 05 2024 15:16:30 GMT+0100 (Central European Standard Time),0
Thu Dec 05 2024 15:16:40 GMT+0100 (Central European Standard Time),0
Thu Dec 05 2024 15:16:50 GMT+0100 (Central European Standard Time),0
Thu Dec 05 2024 15:17:00 GMT+0100 (Central European Standard Time),0
Thu Dec 05 2024 15:17:10 GMT+0100 (Central European Standard Time),0
Thu Dec 05 2024 15:17:20 GMT+0100 (Central European Standard Time),0
Thu Dec 05 2024 15:17:30 GMT+0100 (Central European Standard Time),0
Thu Dec 05 2024 15:17:40 GMT+0100 (Central European Standard Time),0
Thu Dec 05 2024 15:17:50 GMT+0100 (Central European Standard Time),0
Thu Dec 05 2024 15:18:00 GMT+0100 (Central European Standard Time),0
Thu Dec 05 2024 15:18:10 GMT+0100 (Central European Standard Time),0
Thu Dec 05 2024 15:18:20 GMT+0100 (Central European Standard Time),0
Thu Dec 05 2024 15:18:30 GMT+0100 (Central European Standard Time),0
Thu Dec 05 2024 15:18:40 GMT+0100 (Central European Standard Time),0
Thu Dec 05 2024 15:18:50 GMT+0100 (Central European Standard Time),0
Thu Dec 05 2024 15:19:00 GMT+0100 (Central European Standard Time),0
Thu Dec 05 2024 15:19:10 GMT+0100 (Central European Standard Time),0
Thu Dec 05 2024 15:19:20 GMT+0100 (Central European Standard Time),0
Thu Dec 05 2024 15:19:30 GMT+0100 (Central European Standard Time),0
Thu Dec 05 2024 15:19:40 GMT+0100 (Central European Standard Time),0
Thu Dec 05 2024 15:19:50 GMT+0100 (Central European Standard Time),0
Thu Dec 05 2024 15:20:00 GMT+0100 (Central European Standard Time),0
Thu Dec 05 2024 15:20:10 GMT+0100 (Central European Standard Time),0
Thu Dec 05 2024 15:20:20 GMT+0100 (Central European Standard Time),0
Thu Dec 05 2024 15:20:30 GMT+0100 (Central European Standard Time),0
Thu Dec 05 2024 15:20:40 GMT+0100 (Central European Standard Time),0
Thu Dec 05 2024 15:20:50 GMT+0100 (Central European Standard Time),0
Thu Dec 05 2024 15:21:00 GMT+0100 (Central European Standard Time),0
Thu Dec 05 2024 15:21:10 GMT+0100 (Central European Standard Time),0
Thu Dec 05 2024 15:21:20 GMT+0100 (Central European Standard Time),0
Thu Dec 05 2024 15:21:30 GMT+0100 (Central European Standard Time),0
Thu Dec 05 2024 15:21:40 GMT+0100 (Central European Standard Time),0
Thu Dec 05 2024 15:21:50 GMT+0100 (Central European Standard Time),0
Thu Dec 05 2024 15:22:00 GMT+0100 (Central European Standard Time),0
Thu Dec 05 2024 15:22:10 GMT+0100 (Central European Standard Time),0
Thu Dec 05 2024 15:22:20 GMT+0100 (Central European Standard Time),0
Thu Dec 05 2024 15:22:30 GMT+0100 (Central European Standard Time),0
Thu Dec 05 2024 15:22:40 GMT+0100 (Central European Standard Time),0
Thu Dec 05 2024 15:22:50 GMT+0100 (Central European Standard Time),0
Thu Dec 05 2024 15:23:00 GMT+0100 (Central European Standard Time),1
Thu Dec 05 2024 15:23:10 GMT+0100 (Central European Standard Time),1
Thu Dec 05 2024 15:23:20 GMT+0100 (Central European Standard Time),1
Thu Dec 05 2024 15:23:30 GMT+0100 (Central European Standard Time),1
Thu Dec 05 2024 15:23:40 GMT+0100 (Central European Standard Time),1
Thu Dec 05 2024 15:23:50 GMT+0100 (Central European Standard Time),1
Thu Dec 05 2024 15:24:00 GMT+0100 (Central European Standard Time),1
Thu Dec 05 2024 15:24:10 GMT+0100 (Central European Standard Time),1
Thu Dec 05 2024 15:24:20 GMT+0100 (Central European Standard Time),1
Thu Dec 05 2024 15:24:30 GMT+0100 (Central European Standard Time),1
Thu Dec 05 2024 15:24:40 GMT+0100 (Central European Standard Time),1
Thu Dec 05 2024 15:24:50 GMT+0100 (Central European Standard Time),1
Thu Dec 05 2024 15:25:00 GMT+0100 (Central European Standard Time),1
Thu Dec 05 2024 15:25:10 GMT+0100 (Central European Standard Time),1
Thu Dec 05 2024 15:25:20 GMT+0100 (Central European Standard Time),1
Thu Dec 05 2024 15:25:30 GMT+0100 (Central European Standard Time),1
Thu Dec 05 2024 15:25:40 GMT+0100 (Central European Standard Time),1
Thu Dec 05 2024 15:25:50 GMT+0100 (Central European Standard Time),1
Thu Dec 05 2024 15:26:00 GMT+0100 (Central European Standard Time),1
Thu Dec 05 2024 15:26:10 GMT+0100 (Central European Standard Time),1
Thu Dec 05 2024 15:26:20 GMT+0100 (Central European Standard Time),1
Thu Dec 05 2024 15:26:30 GMT+0100 (Central European Standard Time),1
Thu Dec 05 2024 15:26:40 GMT+0100 (Central European Standard Time),1
Thu Dec 05 2024 15:26:50 GMT+0100 (Central European Standard Time),1
Thu Dec 05 2024 15:27:00 GMT+0100 (Central European Standard Time),1
Thu Dec 05 2024 15:27:10 GMT+0100 (Central European Standard Time),1
Thu Dec 05 2024 15:27:20 GMT+0100 (Central European Standard Time),1
Thu Dec 05 2024 15:27:30 GMT+0100 (Central European Standard Time),1
Thu Dec 05 2024 15:27:40 GMT+0100 (Central European Standard Time),1
Thu Dec 05 2024 15:27:50 GMT+0100 (Central European Standard Time),1
Thu Dec 05 2024 15:28:00 GMT+0100 (Central European Standard Time),1
Thu Dec 05 2024 15:28:10 GMT+0100 (Central European Standard Time),1
Thu Dec 05 2024 15:28:20 GMT+0100 (Central European Standard Time),1
Thu Dec 05 2024 15:28:30 GMT+0100 (Central European Standard Time),1
Thu Dec 05 2024 15:28:40 GMT+0100 (Central European Standard Time),1
Thu Dec 05 2024 15:28:50 GMT+0100 (Central European Standard Time),1
Thu Dec 05 2024 15:29:00 GMT+0100 (Central European Standard Time),1
Thu Dec 05 2024 15:29:10 GMT+0100 (Central European Standard Time),1
Thu Dec 05 2024 15:29:20 GMT+0100 (Central European Standard Time),1
Thu Dec 05 2024 15:29:30 GMT+0100 (Central European Standard Time),1
Thu Dec 05 2024 15:29:40 GMT+0100 (Central European Standard Time),1
Thu Dec 05 2024 15:29:50 GMT+0100 (Central European Standard Time),1
Thu Dec 05 2024 15:30:00 GMT+0100 (Central European Standard Time),1
Thu Dec 05 2024 15:30:10 GMT+0100 (Central European Standard Time),1
Thu Dec 05 2024 15:30:20 GMT+0100 (Central European Standard Time),1
Thu Dec 05 2024 15:30:30 GMT+0100 (Central European Standard Time),1
Thu Dec 05 2024 15:30:40 GMT+0100 (Central European Standard Time),2
Thu Dec 05 2024 15:30:50 GMT+0100 (Central European Standard Time),4
Thu Dec 05 2024 15:31:00 GMT+0100 (Central European Standard Time),4
Thu Dec 05 2024 15:31:10 GMT+0100 (Central European Standard Time),5
Thu Dec 05 2024 15:31:20 GMT+0100 (Central European Standard Time),5
Thu Dec 05 2024 15:31:30 GMT+0100 (Central European Standard Time),5
Thu Dec 05 2024 15:31:40 GMT+0100 (Central European Standard Time),5
Thu Dec 05 2024 15:31:50 GMT+0100 (Central European Standard Time),5
Thu Dec 05 2024 15:32:00 GMT+0100 (Central European Standard Time),5
Thu Dec 05 2024 15:32:10 GMT+0100 (Central European Standard Time),5
Thu Dec 05 2024 15:32:20 GMT+0100 (Central European Standard Time),5
Thu Dec 05 2024 15:32:30 GMT+0100 (Central European Standard Time),5
Thu Dec 05 2024 15:32:40 GMT+0100 (Central European Standard Time),5
Thu Dec 05 2024 15:32:50 GMT+0100 (Central European Standard Time),5
Thu Dec 05 2024 15:33:00 GMT+0100 (Central European Standard Time),5
Thu Dec 05 2024 15:33:10 GMT+0100 (Central European Standard Time),5
Thu Dec 05 2024 15:33:20 GMT+0100 (Central European Standard Time),5
Thu Dec 05 2024 15:33:30 GMT+0100 (Central European Standard Time),5
Thu Dec 05 2024 15:33:40 GMT+0100 (Central European Standard Time),5
Thu Dec 05 2024 15:33:50 GMT+0100 (Central European Standard Time),5
Thu Dec 05 2024 15:34:00 GMT+0100 (Central European Standard Time),5
Thu Dec 05 2024 15:34:10 GMT+0100 (Central European Standard Time),5
Thu Dec 05 2024 15:34:20 GMT+0100 (Central European Standard Time),5
Thu Dec 05 2024 15:34:30 GMT+0100 (Central European Standard Time),5
Thu Dec 05 2024 15:34:40 GMT+0100 (Central European Standard Time),5
Thu Dec 05 2024 15:34:50 GMT+0100 (Central European Standard Time),5
Thu Dec 05 2024 15:35:00 GMT+0100 (Central European Standard Time),5
Thu Dec 05 2024 15:35:10 GMT+0100 (Central European Standard Time),5
Thu Dec 05 2024 15:35:20 GMT+0100 (Central European Standard Time),5
Thu Dec 05 2024 15:35:30 GMT+0100 (Central European Standard Time),5
Thu Dec 05 2024 15:35:40 GMT+0100 (Central European Standard Time),5
Thu Dec 05 2024 15:35:50 GMT+0100 (Central European Standard Time),5
Thu Dec 05 2024 15:36:00 GMT+0100 (Central European Standard Time),5
Thu Dec 05 2024 15:36:10 GMT+0100 (Central European Standard Time),5
Thu Dec 05 2024 15:36:20 GMT+0100 (Central European Standard Time),5
Thu Dec 05 2024 15:36:30 GMT+0100 (Central European Standard Time),5
Thu Dec 05 2024 15:36:40 GMT+0100 (Central European Standard Time),5
Thu Dec 05 2024 15:36:50 GMT+0100 (Central European Standard Time),5
Thu Dec 05 2024 15:37:00 GMT+0100 (Central European Standard Time),5
Thu Dec 05 2024 15:37:10 GMT+0100 (Central European Standard Time),5
Thu Dec 05 2024 15:37:20 GMT+0100 (Central European Standard Time),5
Thu Dec 05 2024 15:37:30 GMT+0100 (Central European Standard Time),5
Thu Dec 05 2024 15:37:40 GMT+0100 (Central European Standard Time),5
Thu Dec 05 2024 15:37:50 GMT+0100 (Central European Standard Time),5
Thu Dec 05 2024 15:38:00 GMT+0100 (Central European Standard Time),5
Thu Dec 05 2024 15:38:10 GMT+0100 (Central European Standard Time),5
Thu Dec 05 2024 15:38:20 GMT+0100 (Central European Standard Time),5
Thu Dec 05 2024 15:38:30 GMT+0100 (Central European Standard Time),5
Thu Dec 05 2024 15:38:40 GMT+0100 (Central European Standard Time),5
Thu Dec 05 2024 15:38:50 GMT+0100 (Central European Standard Time),5
Thu Dec 05 2024 15:39:00 GMT+0100 (Central European Standard Time),5
Thu Dec 05 2024 15:39:10 GMT+0100 (Central European Standard Time),5
Thu Dec 05 2024 15:39:20 GMT+0100 (Central European Standard Time),5
Thu Dec 05 2024 15:39:30 GMT+0100 (Central European Standard Time),5
Thu Dec 05 2024 15:39:40 GMT+0100 (Central European Standard Time),5
Thu Dec 05 2024 15:39:50 GMT+0100 (Central European Standard Time),5
Thu Dec 05 2024 15:40:00 GMT+0100 (Central European Standard Time),5
Thu Dec 05 2024 15:40:10 GMT+0100 (Central European Standard Time),5
Thu Dec 05 2024 15:40:20 GMT+0100 (Central European Standard Time),5
Thu Dec 05 2024 15:40:30 GMT+0100 (Central European Standard Time),5
Thu Dec 05 2024 15:40:40 GMT+0100 (Central European Standard Time),5
Thu Dec 05 2024 15:40:50 GMT+0100 (Central European Standard Time),5
Thu Dec 05 2024 15:41:00 GMT+0100 (Central European Standard Time),5
Thu Dec 05 2024 15:41:10 GMT+0100 (Central European Standard Time),5
Thu Dec 05 2024 15:41:20 GMT+0100 (Central European Standard Time),5
Thu Dec 05 2024 15:41:30 GMT+0100 (Central European Standard Time),5
Thu Dec 05 2024 15:41:40 GMT+0100 (Central European Standard Time),5
Thu Dec 05 2024 15:41:50 GMT+0100 (Central European Standard Time),5
Thu Dec 05 2024 15:42:00 GMT+0100 (Central European Standard Time),5
Thu Dec 05 2024 15:42:10 GMT+0100 (Central European Standard Time),5
Thu Dec 05 2024 15:42:20 GMT+0100 (Central European Standard Time),5
Thu Dec 05 2024 15:42:30 GMT+0100 (Central European Standard Time),5
Thu Dec 05 2024 15:42:40 GMT+0100 (Central European Standard Time),5
Thu Dec 05 2024 15:42:50 GMT+0100 (Central European Standard Time),5
Thu Dec 05 2024 15:43:00 GMT+0100 (Central European Standard Time),5
Thu Dec 05 2024 15:43:10 GMT+0100 (Central European Standard Time),5
Thu Dec 05 2024 15:43:20 GMT+0100 (Central European Standard Time),5
Thu Dec 05 2024 15:43:30 GMT+0100 (Central European Standard Time),5
Thu Dec 05 2024 15:43:40 GMT+0100 (Central European Standard Time),5
Thu Dec 05 2024 15:43:50 GMT+0100 (Central European Standard Time),5
Thu Dec 05 2024 15:44:00 GMT+0100 (Central European Standard Time),5
Thu Dec 05 2024 15:44:10 GMT+0100 (Central European Standard Time),5
Thu Dec 05 2024 15:44:20 GMT+0100 (Central European Standard Time),5
Thu Dec 05 2024 15:44:30 GMT+0100 (Central European Standard Time),5
Thu Dec 05 2024 15:44:40 GMT+0100 (Central European Standard Time),5
Thu Dec 05 2024 15:44:50 GMT+0100 (Central European Standard Time),5
Thu Dec 05 2024 15:45:00 GMT+0100 (Central European Standard Time),5
Thu Dec 05 2024 15:45:10 GMT+0100 (Central European Standard Time),5
Thu Dec 05 2024 15:45:20 GMT+0100 (Central European Standard Time),5
Thu Dec 05 2024 15:45:30 GMT+0100 (Central European Standard Time),5
Thu Dec 05 2024 15:45:40 GMT+0100 (Central European Standard Time),5
Thu Dec 05 2024 15:45:50 GMT+0100 (Central European Standard Time),5
Thu Dec 05 2024 15:46:00 GMT+0100 (Central European Standard Time),5
Thu Dec 05 2024 15:46:10 GMT+0100 (Central European Standard Time),5
Thu Dec 05 2024 15:46:20 GMT+0100 (Central European Standard Time),5
Thu Dec 05 2024 15:46:30 GMT+0100 (Central European Standard Time),5
Thu Dec 05 2024 15:46:40 GMT+0100 (Central European Standard Time),5
Thu Dec 05 2024 15:46:50 GMT+0100 (Central European Standard Time),5
Thu Dec 05 2024 15:47:00 GMT+0100 (Central European Standard Time),5
Thu Dec 05 2024 15:47:10 GMT+0100 (Central European Standard Time),5
Thu Dec 05 2024 15:47:20 GMT+0100 (Central European Standard Time),5
Thu Dec 05 2024 15:47:30 GMT+0100 (Central European Standard Time),5
Thu Dec 05 2024 15:47:40 GMT+0100 (Central European Standard Time),5
Thu Dec 05 2024 15:47:50 GMT+0100 (Central European Standard Time),5
Thu Dec 05 2024 15:48:00 GMT+0100 (Central European Standard Time),5
Thu Dec 05 2024 15:48:10 GMT+0100 (Central European Standard Time),5
Thu Dec 05 2024 15:48:20 GMT+0100 (Central European Standard Time),5
Thu Dec 05 2024 15:48:30 GMT+0100 (Central European Standard Time),5
Thu Dec 05 2024 15:48:40 GMT+0100 (Central European Standard Time),5
Thu Dec 05 2024 15:48:50 GMT+0100 (Central European Standard Time),5
Thu Dec 05 2024 15:49:00 GMT+0100 (Central European Standard Time),5
Thu Dec 05 2024 15:49:10 GMT+0100 (Central European Standard Time),5
Thu Dec 05 2024 15:49:20 GMT+0100 (Central European Standard Time),5
Thu Dec 05 2024 15:49:30 GMT+0100 (Central European Standard Time),5
Thu Dec 05 2024 15:49:40 GMT+0100 (Central European Standard Time),5
Thu Dec 05 2024 15:49:50 GMT+0100 (Central European Standard Time),5
Thu Dec 05 2024 15:50:00 GMT+0100 (Central European Standard Time),5
Thu Dec 05 2024 15:50:10 GMT+0100 (Central European Standard Time),5
Thu Dec 05 2024 15:50:20 GMT+0100 (Central European Standard Time),5
Thu Dec 05 2024 15:50:30 GMT+0100 (Central European Standard Time),5
Thu Dec 05 2024 15:50:40 GMT+0100 (Central European Standard Time),5
Thu Dec 05 2024 15:50:50 GMT+0100 (Central European Standard Time),5
Thu Dec 05 2024 15:51:00 GMT+0100 (Central European Standard Time),5
Thu Dec 05 2024 15:51:10 GMT+0100 (Central European Standard Time),5
Thu Dec 05 2024 15:51:20 GMT+0100 (Central European Standard Time),5
Thu Dec 05 2024 15:51:30 GMT+0100 (Central European Standard Time),5
Thu Dec 05 2024 15:51:40 GMT+0100 (Central European Standard Time),5
Thu Dec 05 2024 15:51:50 GMT+0100 (Central European Standard Time),5
Thu Dec 05 2024 15:52:00 GMT+0100 (Central European Standard Time),5
Thu Dec 05 2024 15:52:10 GMT+0100 (Central European Standard Time),5
Thu Dec 05 2024 15:52:20 GMT+0100 (Central European Standard Time),5
Thu Dec 05 2024 15:52:30 GMT+0100 (Central European Standard Time),5
Thu Dec 05 2024 15:52:40 GMT+0100 (Central European Standard Time),5
Thu Dec 05 2024 15:52:50 GMT+0100 (Central European Standard Time),5
Thu Dec 05 2024 15:53:00 GMT+0100 (Central European Standard Time),5
Thu Dec 05 2024 15:53:10 GMT+0100 (Central European Standard Time),5
Thu Dec 05 2024 15:53:20 GMT+0100 (Central European Standard Time),5
Thu Dec 05 2024 15:53:30 GMT+0100 (Central European Standard Time),5
Thu Dec 05 2024 15:53:40 GMT+0100 (Central European Standard Time),5
Thu Dec 05 2024 15:53:50 GMT+0100 (Central European Standard Time),5
Thu Dec 05 2024 15:54:00 GMT+0100 (Central European Standard Time),5
Thu Dec 05 2024 15:54:10 GMT+0100 (Central European Standard Time),5
Thu Dec 05 2024 15:54:20 GMT+0100 (Central European Standard Time),5
Thu Dec 05 2024 15:54:30 GMT+0100 (Central European Standard Time),5
Thu Dec 05 2024 15:54:40 GMT+0100 (Central European Standard Time),5
Thu Dec 05 2024 15:54:50 GMT+0100 (Central European Standard Time),5
Thu Dec 05 2024 15:55:00 GMT+0100 (Central European Standard Time),5
Thu Dec 05 2024 15:55:10 GMT+0100 (Central European Standard Time),5
Thu Dec 05 2024 15:55:20 GMT+0100 (Central European Standard Time),5
Thu Dec 05 2024 15:55:30 GMT+0100 (Central European Standard Time),5
Thu Dec 05 2024 15:55:40 GMT+0100 (Central European Standard Time),5
Thu Dec 05 2024 15:55:50 GMT+0100 (Central European Standard Time),5
Thu Dec 05 2024 15:56:00 GMT+0100 (Central European Standard Time),5
Thu Dec 05 2024 15:56:10 GMT+0100 (Central European Standard Time),5
Thu Dec 05 2024 15:56:20 GMT+0100 (Central European Standard Time),5
Thu Dec 05 2024 15:56:30 GMT+0100 (Central European Standard Time),5
Thu Dec 05 2024 15:56:40 GMT+0100 (Central European Standard Time),5
Thu Dec 05 2024 15:56:50 GMT+0100 (Central European Standard Time),5
Thu Dec 05 2024 15:57:00 GMT+0100 (Central European Standard Time),5
Thu Dec 05 2024 15:57:10 GMT+0100 (Central European Standard Time),5
Thu Dec 05 2024 15:57:20 GMT+0100 (Central European Standard Time),5
Thu Dec 05 2024 15:57:30 GMT+0100 (Central European Standard Time),5
Thu Dec 05 2024 15:57:40 GMT+0100 (Central European Standard Time),5
Thu Dec 05 2024 15:57:50 GMT+0100 (Central European Standard Time),5
Thu Dec 05 2024 15:58:00 GMT+0100 (Central European Standard Time),5
Thu Dec 05 2024 15:58:10 GMT+0100 (Central European Standard Time),5
Thu Dec 05 2024 15:58:20 GMT+0100 (Central European Standard Time),5
Thu Dec 05 2024 15:58:30 GMT+0100 (Central European Standard Time),5
Thu Dec 05 2024 15:58:40 GMT+0100 (Central European Standard Time),5
Thu Dec 05 2024 15:58:50 GMT+0100 (Central European Standard Time),5
Thu Dec 05 2024 15:59:00 GMT+0100 (Central European Standard Time),5
Thu Dec 05 2024 15:59:10 GMT+0100 (Central European Standard Time),5
Thu Dec 05 2024 15:59:20 GMT+0100 (Central European Standard Time),5
Thu Dec 05 2024 15:59:30 GMT+0100 (Central European Standard Time),5
Thu Dec 05 2024 15:59:40 GMT+0100 (Central European Standard Time),5
Thu Dec 05 2024 15:59:50 GMT+0100 (Central European Standard Time),5
Thu Dec 05 2024 16:00:00 GMT+0100 (Central European Standard Time),5
Thu Dec 05 2024 16:00:10 GMT+0100 (Central European Standard Time),5
Thu Dec 05 2024 16:00:20 GMT+0100 (Central European Standard Time),5
Thu Dec 05 2024 16:00:30 GMT+0100 (Central European Standard Time),5
Thu Dec 05 2024 16:00:40 GMT+0100 (Central European Standard Time),5
Thu Dec 05 2024 16:00:50 GMT+0100 (Central European Standard Time),5
Thu Dec 05 2024 16:01:00 GMT+0100 (Central European Standard Time),5
Thu Dec 05 2024 16:01:10 GMT+0100 (Central European Standard Time),5
Thu Dec 05 2024 16:01:20 GMT+0100 (Central European Standard Time),5
Thu Dec 05 2024 16:01:30 GMT+0100 (Central European Standard Time),5
Thu Dec 05 2024 16:01:40 GMT+0100 (Central European Standard Time),5
Thu Dec 05 2024 16:01:50 GMT+0100 (Central European Standard Time),5
Thu Dec 05 2024 16:02:00 GMT+0100 (Central European Standard Time),5
Thu Dec 05 2024 16:02:10 GMT+0100 (Central European Standard Time),5
Thu Dec 05 2024 16:02:20 GMT+0100 (Central European Standard Time),5
Thu Dec 05 2024 16:02:30 GMT+0100 (Central European Standard Time),5
Thu Dec 05 2024 16:02:40 GMT+0100 (Central European Standard Time),5
Thu Dec 05 2024 16:02:50 GMT+0100 (Central European Standard Time),5
Thu Dec 05 2024 16:03:00 GMT+0100 (Central European Standard Time),5
Thu Dec 05 2024 16:03:10 GMT+0100 (Central European Standard Time),5
Thu Dec 05 2024 16:03:20 GMT+0100 (Central European Standard Time),5
Thu Dec 05 2024 16:03:30 GMT+0100 (Central European Standard Time),5
Thu Dec 05 2024 16:03:40 GMT+0100 (Central European Standard Time),5
Thu Dec 05 2024 16:03:50 GMT+0100 (Central European Standard Time),5
Thu Dec 05 2024 16:04:00 GMT+0100 (Central European Standard Time),5
Thu Dec 05 2024 16:04:10 GMT+0100 (Central European Standard Time),5
Thu Dec 05 2024 16:04:20 GMT+0100 (Central European Standard Time),5
Thu Dec 05 2024 16:04:30 GMT+0100 (Central European Standard Time),5
Thu Dec 05 2024 16:04:40 GMT+0100 (Central European Standard Time),5
Thu Dec 05 2024 16:04:50 GMT+0100 (Central European Standard Time),5
Thu Dec 05 2024 16:05:00 GMT+0100 (Central European Standard Time),5
Thu Dec 05 2024 16:05:10 GMT+0100 (Central European Standard Time),5
Thu Dec 05 2024 16:05:20 GMT+0100 (Central European Standard Time),5
Thu Dec 05 2024 16:05:30 GMT+0100 (Central European Standard Time),5
Thu Dec 05 2024 16:05:40 GMT+0100 (Central European Standard Time),5
Thu Dec 05 2024 16:05:50 GMT+0100 (Central European Standard Time),4
Thu Dec 05 2024 16:06:00 GMT+0100 (Central European Standard Time),4
Thu Dec 05 2024 16:06:10 GMT+0100 (Central European Standard Time),3
Thu Dec 05 2024 16:06:20 GMT+0100 (Central European Standard Time),3
Thu Dec 05 2024 16:06:30 GMT+0100 (Central European Standard Time),3
Thu Dec 05 2024 16:06:40 GMT+0100 (Central European Standard Time),3
Thu Dec 05 2024 16:06:50 GMT+0100 (Central European Standard Time),3
Thu Dec 05 2024 16:07:00 GMT+0100 (Central European Standard Time),2
Thu Dec 05 2024 16:07:10 GMT+0100 (Central European Standard Time),2
Thu Dec 05 2024 16:07:20 GMT+0100 (Central European Standard Time),2
Thu Dec 05 2024 16:07:30 GMT+0100 (Central European Standard Time),2
Thu Dec 05 2024 16:07:40 GMT+0100 (Central European Standard Time),2
Thu Dec 05 2024 16:07:50 GMT+0100 (Central European Standard Time),2
Thu Dec 05 2024 16:08:00 GMT+0100 (Central European Standard Time),1
Thu Dec 05 2024 16:08:10 GMT+0100 (Central European Standard Time),1
Thu Dec 05 2024 16:08:20 GMT+0100 (Central European Standard Time),1
Thu Dec 05 2024 16:08:30 GMT+0100 (Central European Standard Time),1
Thu Dec 05 2024 16:08:40 GMT+0100 (Central European Standard Time),1
Thu Dec 05 2024 16:08:50 GMT+0100 (Central European Standard Time),1
Thu Dec 05 2024 16:09:00 GMT+0100 (Central European Standard Time),1
Thu Dec 05 2024 16:09:10 GMT+0100 (Central European Standard Time),1
Thu Dec 05 2024 16:09:20 GMT+0100 (Central European Standard Time),1
Thu Dec 05 2024 16:09:30 GMT+0100 (Central European Standard Time),1
Thu Dec 05 2024 16:09:40 GMT+0100 (Central European Standard Time),1
Thu Dec 05 2024 16:09:50 GMT+0100 (Central European Standard Time),1
Thu Dec 05 2024 16:10:00 GMT+0100 (Central European Standard Time),1
Thu Dec 05 2024 16:10:10 GMT+0100 (Central European Standard Time),1
Thu Dec 05 2024 16:10:20 GMT+0100 (Central European Standard Time),1
Thu Dec 05 2024 16:10:30 GMT+0100 (Central European Standard Time),1
Thu Dec 05 2024 16:10:40 GMT+0100 (Central European Standard Time),1
Thu Dec 05 2024 16:10:50 GMT+0100 (Central European Standard Time),1
Thu Dec 05 2024 16:11:00 GMT+0100 (Central European Standard Time),1
Thu Dec 05 2024 16:11:10 GMT+0100 (Central European Standard Time),1
Thu Dec 05 2024 16:11:20 GMT+0100 (Central European Standard Time),1
Thu Dec 05 2024 16:11:30 GMT+0100 (Central European Standard Time),1
Thu Dec 05 2024 16:11:40 GMT+0100 (Central European Standard Time),1
Thu Dec 05 2024 16:11:50 GMT+0100 (Central European Standard Time),1
Thu Dec 05 2024 16:12:00 GMT+0100 (Central European Standard Time),1
Thu Dec 05 2024 16:12:10 GMT+0100 (Central European Standard Time),1
Thu Dec 05 2024 16:12:20 GMT+0100 (Central European Standard Time),1
Thu Dec 05 2024 16:12:30 GMT+0100 (Central European Standard Time),1
Thu Dec 05 2024 16:12:40 GMT+0100 (Central European Standard Time),1
Thu Dec 05 2024 16:12:50 GMT+0100 (Central European Standard Time),1
Thu Dec 05 2024 16:13:00 GMT+0100 (Central European Standard Time),1
Thu Dec 05 2024 16:13:10 GMT+0100 (Central European Standard Time),1
Thu Dec 05 2024 16:13:20 GMT+0100 (Central European Standard Time),1
Thu Dec 05 2024 16:13:30 GMT+0100 (Central European Standard Time),1
Thu Dec 05 2024 16:13:40 GMT+0100 (Central European Standard Time),1
Thu Dec 05 2024 16:13:50 GMT+0100 (Central European Standard Time),1
Thu Dec 05 2024 16:14:00 GMT+0100 (Central European Standard Time),1
Thu Dec 05 2024 16:14:10 GMT+0100 (Central European Standard Time),1
Thu Dec 05 2024 16:14:20 GMT+0100 (Central European Standard Time),1
Thu Dec 05 2024 16:14:30 GMT+0100 (Central European Standard Time),1
Thu Dec 05 2024 16:14:40 GMT+0100 (Central European Standard Time),1
Thu Dec 05 2024 16:14:50 GMT+0100 (Central European Standard Time),1
Thu Dec 05 2024 16:15:00 GMT+0100 (Central European Standard Time),1
Thu Dec 05 2024 16:15:10 GMT+0100 (Central European Standard Time),1